age,salary,experience,gender,education,score,high_earner
40,70990.33154879004,5.299286900102474,Female,Master,76.81062742771083,1
33,63869.50524369153,7.421925317137928,Female,High School,88.03278037316063,1
42,50894.45554880261,4.830320316000154,Female,PhD,80.86165800392783,0
53,,6.768153881443839,Female,Bachelor,70.8758618178352,0
32,60473.34970420385,0.42554133218485735,Male,High School,77.57198970355927,1
32,55902.28078132625,8.853174829491754,Male,Master,72.59334825469787,1
53,63427.89830041598,8.004821901448897,Male,Master,75.07880184694729,1
44,59527.57702522954,4.7316454757272375,Female,Master,71.74388947851496,1
29,65743.29072979002,10.63698267372962,Male,PhD,73.3566479411461,1
41,41971.47182659148,11.750280550506233,Female,Master,77.12093353074175,0
29,69760.91098451489,1.5697605425241035,Male,High School,65.06641300418049,1
29,52963.994070386,4.9491008857351435,Female,High School,64.84121173010021,1
37,,4.923430600850807,Male,Master,61.11457446168789,1
12,39662.18272865648,4.240387595564542,Male,High School,58.9972889549629,0
14,76039.45704747873,11.317899367726994,Female,Master,62.82717307779521,1
28,52968.66175193972,7.224695444908786,Male,Master,76.5946250680413,1
22,40228.72994578327,6.941940634757557,Female,Bachelor,66.07212484508116,0
38,42741.71248918518,0.0,Male,PhD,80.13614464231097,0
24,45194.7903770852,10.541672120836905,Male,PhD,75.34713748752561,0
18,56362.48919602875,3.0429664205861098,Female,Bachelor,55.31495786561946,1
52,57842.5323205325,8.239730521065313,Female,Bachelor,81.5497558422169,1
32,41394.49994092131,9.109507751832767,Male,PhD,83.1079864559171,0
35,49634.68111608526,13.442634383354605,Male,Master,65.06137325165147,0
17,82134.05537917795,2.7647184035235517,Male,Master,79.20191542894992,1
28,75913.14755151067,0.0,Male,PhD,66.43501762590802,1
36,56544.85504511048,8.73539817901478,Male,Master,75.97670376748336,1
21,,15.202044726043415,Male,Bachelor,62.35501593045034,0
39,51800.46990077392,12.955785411757748,Female,Master,57.06893547465423,1
27,59202.769590956246,8.838637661098502,Female,Master,71.17182810387031,1
31,34658.111522023915,6.033455257471811,Female,High School,73.76271053725164,0
27,46139.35193864982,11.228490386549241,Male,High School,71.02320306385396,0
57,24971.238891836158,4.105815201182125,Male,High School,63.1596944177744,0
34,55988.34683907919,9.905431077424877,Male,Master,71.00100937868864,1
22,59707.939095541115,10.021880636666507,Female,PhD,77.69294752580734,1
44,42752.20306550939,12.24083962999552,Female,Bachelor,74.55106969877463,0
20,73609.80144935049,19.03864015564431,Male,Master,76.82501030599214,1
37,31613.515054964882,9.569663868715068,Male,PhD,68.29884799545768,0
11,28034.376796852695,5.964145497170005,Female,Master,86.7171791471616,0
19,53366.77727839958,7.897702751232022,Female,Bachelor,63.238266634452195,1
37,65706.47453918232,0.923696380443527,Female,Master,79.87560297086719,1
43,75258.91537186803,5.221147475643767,Male,Bachelor,86.81891092959961,1
37,43116.7360569659,6.362870247547584,Male,Master,79.80908092748895,0
33,66180.21250146943,5.90364640826163,Male,Bachelor,72.9747577293517,1
31,49422.372957489395,8.609419488134888,Female,Master,69.71702953337021,0
17,47410.59050088771,4.710320270471198,Female,Bachelor,85.36087651046256,0
26,63254.89906230009,12.484122669297886,Male,High School,60.77025074738327,1
29,59784.84317620129,8.000828259672788,Male,Master,65.29875739620357,1
47,26354.11764523626,7.962798715445542,Female,Master,71.02442234508278,0
39,72148.10524588844,6.688421133948329,Male,PhD,87.37653757511998,1
13,70701.37031221177,8.620762735435916,Female,PhD,78.79767636040896,1
38,40616.55947735706,11.300393058670538,Female,Bachelor,65.31954241489754,0
30,55937.05300156114,4.531479137156399,Male,Master,71.89692294615097,1
26,57410.45279424108,5.367534043698973,Female,Bachelor,68.85676855903705,1
42,53910.10648735861,6.785095884893341,Male,High School,67.90211007766464,1
47,41745.422692318694,2.6165163061071404,Female,PhD,84.78889558556779,0
46,39925.64948092923,4.722968561114008,Female,Bachelor,61.282568707364945,0
24,49616.688935128324,6.095116505821364,Male,Bachelor,91.08780855734373,0
31,67590.93528889047,11.49755672285091,Female,PhD,83.28229690184622,1
38,58154.002318916486,9.0502453160077,Male,Master,85.90861670603698,1
46,44440.78501870841,8.774359645470177,Male,Bachelor,70.37060487974742,0
29,61575.48065972517,11.403591848671889,Female,PhD,73.50059280920891,1
32,7271.8606905488705,7.450512846402414,Male,Master,60.66848185475288,0
21,67231.48550558156,9.561859399715559,Male,High School,69.75337592933197,1
20,,7.5871129882700155,Male,PhD,79.93654847643151,0
44,44563.38587895302,9.061449397598514,Male,Bachelor,87.96063061781396,0
51,33204.95158060784,5.668965369553671,Male,High School,63.92843183197549,0
34,30579.777864186413,0.0,Male,Master,71.34494063014733,0
47,67412.4018106778,7.462883351254783,Female,Master,73.48700779767478,1
39,42984.48198032163,13.69099254439976,Male,PhD,61.04210797807515,0
27,55197.55822596073,11.70486160896637,Female,PhD,80.913492417584,1
39,49296.19131681224,11.861589938364682,Female,PhD,67.7600966825739,0
53,,12.94452288722487,Male,Master,73.04609648822976,1
34,51152.32836590383,8.35463036384575,Female,High School,70.48050628088123,1
53,30755.116637171457,8.789262829622382,Female,Master,67.10661494280326,0
3,64944.002291707104,5.529392418262599,Male,Bachelor,74.92955014519445,1
44,42593.65125258031,6.735708575891801,Male,Master,72.84390421431978,0
36,26651.271520103735,10.463084599084567,Male,Bachelor,71.28142117721335,0
31,43578.27258551131,12.815537748675265,Female,High School,67.71538378319657,0
36,72511.39685951466,7.442214897276002,Female,PhD,78.19524670782955,1
11,62753.32613170239,6.199242940594353,Male,PhD,91.53617268492285,1
32,44770.21798388211,8.002111835426389,Male,Master,76.39887232839128,0
39,44761.13443522357,10.404826995716459,Female,PhD,84.9611821491113,0
52,45175.47423173926,2.2245807354658327,Female,High School,61.097780748465375,0
28,81151.21975341262,0.0,Female,PhD,76.57761439293769,1
25,55729.0317834733,5.797852602033666,Female,Master,64.02631681028933,1
28,56450.624707866045,3.1171502963433655,Male,High School,60.23075072468099,1
45,65454.25181047763,5.967439209410756,Female,Bachelor,67.60628592540964,1
38,53581.8373853977,7.408878724730114,Female,Master,86.91899334413573,1
28,46114.36781268945,6.187006363907947,Female,Bachelor,84.50015828669646,0
41,47054.75226372533,13.809870137882982,Female,High School,77.430047220544,0
36,48925.98110878904,9.30697905840928,Male,Master,59.672994401100695,0
46,49441.66645235238,9.201897438443314,Male,Master,73.03719348612063,0
26,60914.4431545547,10.488828576173608,Female,High School,78.01700008901736,1
31,50779.18828710949,3.4446675288769235,Female,PhD,76.75536229578599,0
30,60989.60115823369,12.156447149681075,Male,Master,56.56206416519254,1
17,48789.251298371266,7.69694285385816,Male,Master,66.09682151980128,0
38,51179.52785474136,10.68192246896485,Female,Bachelor,74.35922235851284,1
38,,3.712571067839378,Female,PhD,80.3629090951719,0
35,63744.91512053722,1.7849649359357427,Male,Bachelor,53.03872178900053,1
32,55197.32713846989,11.271558632100115,Male,Bachelor,73.37876024520142,1
18,64970.15164789478,9.505638104390066,Male,PhD,76.43048769878952,1
29,6556.1693270946635,4.391793782569959,Male,PhD,83.49611988516213,0
30,81325.62057171091,4.5213476749012225,Male,High School,81.92857584237437,1
25,47906.15557767239,12.501739137659078,Male,PhD,80.82571318808806,0
33,66622.74225106275,3.2423524285306886,Female,Master,67.00059493298066,1
39,34401.411093117036,14.570691813023853,Male,PhD,55.91997862876693,0
57,59191.608575938546,4.397517061408525,Male,High School,71.069472429386,1
37,34198.76655239516,10.553567702433533,Male,High School,85.0163182520856,0
38,40643.465589562926,6.685526097004061,Male,High School,88.93454527524432,0
34,78710.4703080018,10.412749724329373,Female,PhD,82.10549102297786,1
11,47139.7639885498,5.82354399154323,Female,PhD,79.29340822801734,0
34,53261.49309769584,7.3488283757108235,Male,Bachelor,78.79639648385965,1
35,63051.015960331315,8.163676701582885,Female,Bachelor,69.43881253239219,1
64,57435.22831958907,3.991250176874109,Female,Master,73.6993970644638,1
32,52256.28357715365,10.963297381680503,Female,Bachelor,91.6906952582633,1
38,55474.41503699338,5.9471457341136595,Female,Master,65.57441994208124,1
34,86051.23377857413,7.085600338639925,Female,High School,91.14778790709852,1
20,49135.71804449622,4.022602501565951,Female,Bachelor,71.77971845507942,0
48,53016.485700724515,0.0,Male,PhD,88.25432109095078,1
44,65759.81594011417,7.235888949599324,Male,Bachelor,60.93184990502462,1
44,66582.88899436976,17.650461686451663,Male,Master,80.8590420116465,1
24,67805.4545834057,11.138417151592096,Male,Bachelor,67.63229864052379,1
51,59580.95333043777,7.922958481062421,Male,High School,60.847328080758125,1
18,32854.92630904275,6.948436683166929,Female,PhD,77.18534042410946,0
42,74501.47298451644,8.089863571248186,Male,Master,85.09471788595968,1
61,32804.81910471968,10.18847646070084,Male,PhD,66.55058561406504,0
23,54539.531978585495,3.2767487387646206,Female,PhD,60.00984039541599,1
28,38685.86224970963,12.457286778675488,Female,Master,74.08155235665045,0
36,49037.92480110511,10.861525261764976,Male,PhD,74.12564671222819,0
28,54931.436154552204,10.872742902831739,Female,PhD,80.48319627554498,1
16,54820.35823175409,9.753902955238908,Female,Bachelor,84.49594571364489,1
35,56328.81131352927,8.07846663077596,Female,PhD,74.40584818727505,1
22,74205.6690358797,10.69144494386728,Female,PhD,93.55503314794262,1
40,56803.014522709695,10.367256534965513,Male,PhD,77.24234744535292,1
23,46337.65047064027,6.583837156235905,Female,PhD,71.535734939931,0
53,64461.307524325355,5.705592908412396,Male,Master,58.88432640897172,1
25,67842.05733386961,8.407425181047946,Male,High School,72.37340479683833,1
31,31585.88277294511,14.19608060598075,Female,Bachelor,71.63613054588863,0
44,58961.00104774787,3.0435716973843965,Female,PhD,84.6030479628147,1
20,60517.591134663475,2.12989893699024,Female,PhD,79.62483624066854,1
37,45536.54744960012,8.659043364946067,Male,Master,63.206308783673826,0
50,70635.6021996743,8.203550807424072,Female,High School,76.72254386411038,1
15,47749.1661945121,8.693366657481633,Female,PhD,81.71531171729053,0
37,51883.64680207313,8.975812791634,Female,Master,90.28031359387833,1
38,47403.922635741954,7.107190981460779,Female,Bachelor,83.8750396741406,0
44,50233.685713722014,13.95945375440833,Female,Bachelor,82.60846654311477,0
20,33555.87369657197,1.5963840860939378,Male,PhD,75.60085994615163,0
19,28399.236761085584,4.686011900879016,Female,PhD,78.8831200542345,0
41,73917.57594837458,7.58698095940381,Female,High School,87.49504900706158,1
38,37295.57977522508,1.427244755383331,Female,High School,61.6722260252035,0
38,35129.114758155396,7.2965823822717155,Male,PhD,71.50560672783044,0
39,17699.148295944276,14.645880662912074,Female,Master,67.27431251243759,0
26,40415.57378465746,8.083545953183847,Male,High School,78.79153118726124,0
37,30153.653098887524,8.922803622874733,Male,PhD,87.30222175650788,0
38,74630.22740204554,2.959340939309679,Female,High School,69.03025713278926,1
26,65147.25634013952,5.53455436784209,Female,PhD,51.09695632530562,1
57,39677.74482233414,6.499214478704252,Female,Bachelor,70.8777925497553,0
40,83786.53708016463,6.729139612975064,Male,PhD,84.13473732017407,1
20,64726.48230487391,13.126575180015074,Male,Bachelor,80.3762990294988,1
42,45127.529247370665,10.230764242900499,Male,High School,79.28186247810577,0
23,12508.914276896401,3.554168172251872,Male,PhD,72.2000669812552,0
44,84364.13858886113,8.98601911372802,Male,High School,62.209692637802135,1
48,29156.41299854606,9.99288699398714,Male,Bachelor,80.15294321624468,0
25,25319.01879564662,12.560596154085065,Female,PhD,66.65718189965375,0
46,65338.5564801446,14.322162746273495,Female,High School,96.84096733380457,1
39,86596.28609508909,3.9396232326885254,Male,Bachelor,80.70507208354516,1
44,70764.09227765776,4.756569955158647,Female,High School,69.1935169744605,1
57,,2.969688564341535,Female,Master,68.88614752611372,1
32,58921.315124979286,7.063920563572075,Male,Bachelor,74.07055793386412,1
25,62801.23338170462,9.865433497785338,Male,Bachelor,72.60498077978251,1
24,61383.92884680148,11.949338066356407,Female,Bachelor,86.16833775529955,1
25,54217.87135954064,7.696195905429909,Male,PhD,76.86416169744047,1
34,51563.01655927814,6.720609906980624,Male,PhD,67.68368261091472,1
39,,8.607031968994962,Female,PhD,93.90440685155782,0
38,38690.531166999855,4.659428393479908,Male,Master,75.49308331520223,0
44,45789.87384699839,16.358154886779094,Female,Master,82.68839675968897,0
35,24605.647787069218,1.5693558915277652,Female,Bachelor,68.91773492555241,0
52,48524.90559807875,8.738962315582897,Female,Master,78.63115627744523,0
31,35171.133392736236,16.09442487691856,Female,High School,78.11109991143195,0
67,33446.160241763435,8.027199378239992,Female,Bachelor,56.10350707903847,0
42,52698.41226730218,7.239843859994022,Male,Bachelor,95.15275110460641,1
24,70880.034295169,6.5702183087582915,Male,High School,87.90644460922547,1
22,63774.7490900347,7.278433272950369,Male,Bachelor,71.02804683854012,1
40,26442.490945652346,13.491393898706121,Male,Master,63.977302595441444,0
32,35155.57795144494,0.0,Female,PhD,78.47561613803552,0
43,64111.567819823234,14.133734805185302,Female,High School,75.86697699414397,1
40,35262.68909692536,2.3041713901994196,Male,Master,78.55668948563229,0
34,46630.50275004463,6.933390683062341,Female,High School,76.9157739619409,0
24,58250.78148536828,6.283022318805353,Male,High School,80.06240989305925,1
16,35474.83317704547,10.354213079082879,Male,Bachelor,89.47305699391806,0
29,51580.6325921894,1.6075025924650097,Male,Bachelor,80.68103205128646,1
45,29989.617576226934,9.848690664327771,Female,Master,64.50344501090059,0
37,40979.48534073179,16.097238493147408,Female,High School,88.62562852712452,0
20,54796.72901213806,2.547303981628758,Female,Bachelor,91.40614563488288,1
37,26105.09399702496,8.758824670441582,Female,Bachelor,100.0,0
39,56607.121069405985,5.352071288813564,Male,High School,63.76505966760402,1
24,49705.433016099785,9.703548824772144,Female,Master,77.42882013150275,0
36,58287.34931625721,8.076591109663008,Female,Master,54.17901296811013,1
35,53358.712010969924,5.434052363822762,Female,High School,80.53149156379209,1
21,70462.10644960766,9.951489139484297,Male,Master,69.51799701833227,1
39,51878.36753971861,15.217392439146973,Male,Bachelor,94.23445794824953,1
41,43558.91688312121,7.236384833090805,Female,High School,67.25385029981418,0
47,51834.46254548425,10.879031768592728,Female,Bachelor,58.10816962032739,1
47,58149.470435545816,2.826908168515345,Female,PhD,70.2873625929748,1
18,50732.901054885566,4.174254492727965,Female,PhD,55.24512228782862,0
23,50608.87536805824,9.889625111521509,Male,Master,82.5109945450731,0
41,,13.93646411414386,Female,PhD,54.349169537436794,0
41,40056.48623673578,9.42245339514264,Female,Bachelor,75.28457581183159,0
41,28960.920923004596,6.747767877907383,Female,PhD,54.22188180143803,0
81,76243.65114780409,7.997165621693417,Male,Bachelor,71.79702195463358,1
41,31342.051469130725,2.99836906412113,Male,Master,91.43378155804534,0
48,39606.42203306139,10.418061305421467,Female,Master,78.60647891435795,0
46,39223.89101646204,11.529332249293637,Female,Bachelor,66.36506395035066,0
42,63423.86565416662,6.191638668667679,Female,PhD,74.68796511060916,1
31,45575.75482561958,6.1198314089619945,Female,Master,75.18016872044447,0
44,68716.131090106,9.063512918608193,Female,High School,79.72630345843406,1
25,39897.640636341974,6.253121055837618,Male,Master,61.331416367191736,0
32,54184.91243335703,7.73546954149671,Male,PhD,80.92567273847331,1
29,37469.794201103636,16.398887156666063,Male,High School,47.95608368397225,0
35,82177.23691660083,7.0118971970160135,Female,PhD,68.70115447636189,1
62,32186.02371455731,6.566639391915111,Male,Bachelor,70.11726157548455,0
12,54647.31065340541,5.409832777459363,Male,High School,81.33326826071239,1
43,59506.65321398148,10.976767885999747,Male,PhD,75.22630852676869,1
15,56206.986461772474,7.275103307127588,Female,High School,60.944369461437134,1
29,47220.68511683438,5.402507846714296,Female,PhD,65.15006874182984,0
48,48052.689503998605,13.28521612909205,Male,High School,76.98680009547407,0
35,50657.17207968664,13.678412018054548,Female,PhD,74.20932658135443,0
22,47794.96997557267,5.598305737045179,Male,Bachelor,69.20875890364253,0
26,64458.18675192365,0.5338401945575351,Male,High School,70.19166210488021,1
43,83157.84502387026,12.030054759347689,Male,High School,81.96167997159289,1
26,41637.623224882496,5.261480696959984,Male,High School,69.82307427130786,0
37,29452.955306313834,11.162502396651075,Female,High School,74.11908755970927,0
35,48675.76927473118,0.11958472915265794,Female,Bachelor,96.69936588080543,0
27,88695.64006481477,11.570389353197237,Female,High School,60.76317363116077,1
60,37944.88148045404,3.155312282876875,Female,Master,56.481572684253415,0
42,74586.75208166102,10.923056476266098,Male,Bachelor,82.83589664798606,1
10,75165.51221114662,8.057092271345736,Female,Master,68.21356938705897,1
37,41696.176374380084,4.184242322413421,Male,High School,71.8176247225738,0
27,58534.74618777913,6.371854748292878,Female,PhD,67.18843621868886,1
45,74425.94934692807,10.745273827826804,Female,Master,72.40199859232487,1
25,44313.08388518769,8.423577812460938,Female,High School,90.98538112096341,0
33,46946.29459846457,10.337651921889936,Male,Master,83.0212845861812,0
41,41274.786290770346,15.905762338061942,Male,High School,83.62223511886977,0
45,34778.649039607,1.7430335531557946,Male,High School,60.837729442073545,0
20,40260.83682400989,14.468850299874497,Male,High School,63.488462634471304,0
30,31640.895998566153,8.417423750092851,Female,PhD,46.60921340514573,0
29,50511.25202388839,4.404863806707487,Male,Master,66.90619178917245,0
27,38450.40153412038,2.6787454970440407,Male,Bachelor,84.56703186385658,0
56,53506.788676861215,7.243518436891866,Female,Bachelor,80.16946515748371,1
39,26661.56530694559,11.686600447697838,Female,Bachelor,72.78486737047876,0
19,,7.489803518489863,Male,Bachelor,74.77699716281947,1
46,62502.93442413387,14.04461972098939,Female,High School,68.11114457424594,1
60,20093.96536142817,2.1952972397937645,Male,Master,77.04758882401784,0
47,55610.848547713584,7.9516442086157815,Female,Master,82.65878279480614,1
16,68415.03488709938,2.9904262223475238,Male,PhD,58.84113212589527,1
29,31855.38471963192,9.454527530499872,Male,Master,77.99647687837349,0
50,75088.58580256555,11.547549560389202,Male,Master,84.32434870954667,1
26,56285.285140490676,6.316952825275787,Male,Master,70.8489971103663,1
40,39424.82216362387,0.0,Male,PhD,82.00700612120583,0
44,49163.46383513441,8.795792587185979,Female,Bachelor,100.0,0
23,58374.903687825834,9.746954206934038,Male,Master,73.95657207013107,1
34,51140.080871186176,9.617179019846791,Male,PhD,78.93307050005323,1
-3,58081.33988669554,12.943128767288616,Male,PhD,67.61942916338609,1
22,36189.89610380951,3.7157852814038046,Male,High School,76.81251162602051,0
31,,10.720864421801798,Male,PhD,79.60271624982303,1
20,28794.282546425296,12.770030049911899,Female,Bachelor,76.94842340270138,0
54,48331.60907976949,0.8856496639739326,Female,Master,64.80304680291144,0
17,36441.38537802815,9.278607303675908,Male,PhD,77.0636177132545,0
29,38967.050861153504,5.983280675969314,Female,Bachelor,89.62195938717636,0
36,68541.39762815656,7.673909307593417,Male,PhD,79.48635764514528,1
52,66369.65180891403,9.390705934153345,Female,PhD,84.61987189071841,1
17,59137.071813607654,6.051085743545791,Female,PhD,72.62988029987372,1
48,33615.308529911315,5.297167683353553,Male,PhD,82.49900239423711,0
35,45253.87325457797,8.136609669952099,Female,PhD,77.79267838216526,0
23,68196.46549968775,3.6510162445487895,Female,Bachelor,65.49089270312768,1
40,52125.753704598574,3.656699484459258,Male,Master,78.18521004798875,1
37,84789.94309972541,10.717493131826014,Male,Master,65.08303336559689,1
27,55899.76759091558,3.4048238593653757,Female,Master,68.67119725115208,1
35,52880.73674735047,10.665250003636848,Female,Master,76.89328307292374,1
30,45363.25303696248,9.850365171415804,Female,Bachelor,77.97244273380124,0
36,52003.11357173423,1.0967730848376132,Male,High School,63.10767534922871,1
42,47712.952454291844,5.28974139065738,Female,High School,85.53985771182876,0
54,60621.630150328856,12.77643761218949,Female,Bachelor,80.72006278300474,1
20,64350.53475191876,4.0753378754412735,Female,Bachelor,67.95271564389117,1
60,38210.158092380756,6.14238295076245,Male,PhD,59.624152035508246,0
11,30031.50569663333,9.848243573007586,Male,PhD,73.55095420918569,0
33,22456.919403450553,11.133562037130382,Male,PhD,70.5405628613884,0
42,57619.86990368816,6.993844455822018,Male,Master,76.13140457053022,1
38,33449.50090739189,5.609959221233433,Female,PhD,71.36883338844433,0
27,17706.64110571276,13.689479446794032,Male,High School,54.9254313925499,0
32,55828.67906796446,14.955598655190315,Female,Master,71.11653061698841,1
29,87394.99276149186,11.915432203127182,Female,PhD,71.94380888931687,1
27,49908.9363269016,8.341272570260097,Female,Master,81.3366102477406,0
45,62577.36161677463,4.766937113436295,Female,High School,68.0180032538895,1
39,51227.440378213476,4.678222373773739,Male,PhD,91.78674673372566,1
26,48516.65520213286,10.09005642106303,Male,High School,55.883594493482434,0
45,63786.14724481653,9.673592883554734,Male,High School,88.11167497802624,1
38,45645.88183717023,13.606394371785719,Male,High School,72.75681029121895,0
44,54010.88471107854,10.601800370144556,Male,PhD,83.59584872343557,1
42,54825.467092940205,1.987678792960728,Female,Bachelor,75.79801484058733,1
25,39978.64319535427,12.207790470891673,Male,PhD,86.39555536025469,0
28,64880.635243047844,4.007757490742348,Male,High School,71.12638035447189,1
43,47375.60364956887,6.464114912190594,Male,PhD,64.01379574822188,0
42,38663.82260760733,9.000800825006777,Male,High School,89.20504287271064,0
34,58047.64765355605,15.982669959135858,Female,Bachelor,73.86519354117858,1
36,36522.98027313444,20.439674224021445,Female,Master,77.2155847362421,0
50,50422.717360536924,10.426892236544731,Female,Bachelor,87.34751914044796,0
27,49863.21505033695,7.267213525118448,Female,Bachelor,64.68044757905565,0
41,66288.43348747367,10.138022593922202,Female,Master,80.95490897639257,1
32,57120.47349319929,11.550621703495345,Male,PhD,69.10105243537109,1
32,49624.595618822845,6.7173294977712334,Female,Master,73.67830644355628,0
48,62266.494488004304,15.180845423649288,Female,PhD,75.7227896538429,1
44,70853.1132352597,8.920283036765609,Female,PhD,59.997781385530644,1
44,58367.154595277934,9.990972356365576,Male,High School,67.21162957179565,1
50,50155.28929765071,10.663697008217845,Male,High School,88.5107289241314,0
35,30322.456514747606,9.686346442457822,Female,Master,83.86191188584796,0
43,,11.35576200187845,Male,Bachelor,74.37360422672765,0
31,45421.629434679984,5.530987253812308,Male,Master,77.43123458512893,0
38,40857.31696761075,5.766792984215877,Female,PhD,72.05757494363543,0
33,47195.43045521831,3.5993830681132204,Male,High School,88.56583385827982,0
36,50849.74887345661,9.758004922480906,Male,Master,72.99647422205837,0
42,57945.391315350964,11.115746014048456,Male,Master,77.31842092134848,1
25,48942.518329113635,9.831091464607542,Female,High School,86.46030144142065,0
60,57297.52465739303,14.69796973339015,Female,High School,67.22628515154094,1
22,50967.1162221518,7.977615924683814,Female,High School,90.58789184496894,1
20,20368.00150469193,10.67496662237005,Male,PhD,59.69538590256623,0
48,35909.96909271869,3.6331964954427427,Female,High School,91.29642131112799,0
44,47838.686664175766,6.451601190102396,Male,Bachelor,71.27324416048026,0
42,31854.578857383385,10.78215103026311,Male,Master,72.57301252174719,0
42,58998.93094994307,11.396408442972575,Male,High School,56.09989828817057,1
34,72961.26248515546,6.824132209343271,Female,High School,70.45205282622307,1
24,68281.42777545974,7.713602992567733,Female,PhD,64.60193468973115,1
35,46798.35693604688,1.9285050132767623,Female,PhD,68.92353654626527,0
26,72360.89205274929,6.5718831967735625,Female,Master,73.62689034211121,1
46,52230.01185803167,11.561532654079144,Male,Bachelor,84.57791614472906,1
33,44943.71043322941,10.300820064426265,Female,Master,77.07603351400626,0
25,40798.960046885906,10.002662885524838,Male,High School,78.07676653401114,0
31,45462.95470267808,8.19909474872384,Female,Bachelor,64.04480611154437,0
39,44177.34772188157,8.028252634512706,Female,Bachelor,66.1924591039727,0
28,52556.243335632316,5.358715442106211,Female,Bachelor,92.98725018351311,1
25,52408.60971574797,10.795313680810139,Male,Bachelor,67.64798965236753,1
37,50045.69030230122,9.683891777557559,Male,Master,91.56208252057296,0
37,56554.072546195246,9.968075391971198,Male,PhD,72.56938801119134,1
28,67859.69412179512,5.895860629329679,Male,PhD,75.02287936143505,1
29,64243.312031619855,0.0,Male,High School,85.7036516022993,1
37,27726.53047325145,12.388610847014782,Female,PhD,87.71892421938657,0
17,11691.182976470678,6.084650175966384,Male,PhD,73.89187439720912,0
18,64014.79866858911,4.5488969438275175,Male,PhD,71.11756946478461,1
26,29496.819523768685,10.773915647655976,Male,PhD,74.44079551477788,0
32,46628.518971609745,6.431949440323482,Male,High School,78.37957528232118,0
38,32448.304609109608,12.239745536186486,Female,Master,83.91303686869756,0
52,,10.46802379830679,Male,Bachelor,75.04229858994151,0
45,58121.94092307182,10.73427729280191,Female,PhD,81.18886298023153,1
33,61387.327404539705,2.536177155197863,Female,Master,91.3835973227094,1
34,41352.34398909921,12.847775941545603,Female,PhD,78.81309612264785,0
22,11134.365617826348,9.045002124935424,Male,PhD,78.11652856004778,0
34,41806.33327621276,6.522891443015188,Female,Bachelor,59.810891749099326,0
31,55877.060081038195,8.573553869369004,Male,Bachelor,48.69269863170936,1
38,27816.32646838807,0.8950590684067201,Male,Bachelor,78.88375729230168,0
25,52750.39879668733,9.634611245922683,Male,PhD,74.05175768719128,1
41,49770.35226240507,3.8825139672717137,Male,PhD,69.85217325085259,0
53,58689.37249401632,2.5893188566258623,Male,PhD,77.43530204186345,1
33,51793.705526212296,1.9105632551284355,Female,Bachelor,74.39596270803092,1
39,35403.96588677667,12.450753499959701,Female,High School,86.27780250633899,0
43,67948.57252496737,5.482946425228845,Male,Master,75.86110868258977,1
30,47622.05640459545,14.134910839665997,Female,High School,67.53076714929833,0
37,49590.43190735102,5.856794147790809,Male,PhD,84.90166238959289,0
35,36000.98061390206,1.170568169628213,Female,PhD,72.82868925053798,0
36,43350.766232127346,3.5339022402053635,Female,High School,80.26536683672308,0
25,36727.95928959649,12.943246480027755,Female,PhD,70.225892938072,0
35,47405.809101148654,7.37640728825333,Female,Master,68.50173114502563,0
40,75675.62720213515,5.806850814037596,Female,PhD,75.84168230185696,1
52,29421.482856029656,8.64007290341115,Male,Master,75.12828643543685,0
46,25796.579031848883,10.00713094467018,Male,High School,79.79827035366833,0
60,72067.55491240413,12.469595263609843,Female,High School,72.31354246690258,1
25,46860.14484272201,13.793996919571704,Male,PhD,56.63640216229602,0
45,39963.908920101254,6.5609254168436575,Female,Master,70.67226116411611,0
37,65598.57031094114,2.695809255671847,Male,PhD,82.93818467143815,1
61,40915.766903947035,6.346139355506896,Female,Bachelor,72.02623920756893,0
25,77390.14570320403,9.041122026331545,Female,Bachelor,72.53616597485453,1
24,60168.88807008904,4.144964295157557,Female,Bachelor,84.86376505905938,1
27,42681.32887781446,4.171396340419829,Male,Bachelor,67.88026772741077,0
9,82359.62319898256,9.375151526199542,Male,PhD,59.57196781757101,1
28,40914.27615494993,7.8053905937181955,Female,Bachelor,73.39368880474505,0
25,61131.430580139604,8.131187981646345,Female,Master,70.15826048751263,1
36,54489.38870609738,4.966018661199723,Male,High School,65.33753680246745,1
39,69526.11934098197,7.078397143176931,Male,High School,73.24621544101309,1
57,73422.66795090279,4.303067422926782,Male,Bachelor,79.91505647246784,1
46,50480.0622359865,11.560793644499148,Male,Bachelor,74.90711438432184,0
28,38698.73194480725,12.14099733889501,Male,Bachelor,78.06981072686237,0
24,56899.582144086744,0.6152485510476247,Female,PhD,93.13407698515422,1
40,39834.26945371841,4.28195655923036,Male,High School,71.57121138442436,0
19,,2.0138829796396838,Female,Bachelor,77.7834863464467,1
56,52048.02996624106,5.399904262372408,Female,Master,69.90786637400865,1
49,44520.17673031837,7.6662481208385564,Male,Bachelor,66.53640280113027,0
29,52770.204587973625,2.2014191212058796,Male,High School,69.1509234658223,1
14,29793.10565705455,4.312560747498747,Female,Bachelor,70.21241428478311,0
51,35425.789422340225,3.984170511674006,Male,High School,78.59475797547125,0
33,68006.20861916638,8.829069317595776,Female,Bachelor,98.49075786700757,1
49,40146.58581542906,8.277377348145002,Male,Master,67.83956563724159,0
15,34296.3352597709,5.113049786650986,Male,Bachelor,70.83374694384537,0
27,58049.79128790929,8.707283488557591,Male,Master,74.36876986888751,1
35,67785.56231994496,5.813279661650938,Female,Master,78.95798848709747,1
35,60784.299659976,6.913379558695787,Male,Bachelor,77.63550811954785,1
29,64940.715287087245,14.693808361194147,Female,Master,87.84095793948117,1
42,38648.073671458085,13.361844207161392,Male,PhD,50.73607929464792,0
22,28672.839998872343,2.8016750522896094,Female,Bachelor,51.13070129804328,0
33,,11.318929671516699,Male,Bachelor,70.0412182798985,1
36,45159.802417367966,11.245586217966368,Female,Master,85.97300187543709,0
41,,3.406946844989527,Female,Master,59.34351968394404,0
43,69922.91212773586,11.275110575019443,Female,Bachelor,44.92367660306243,1
21,58343.4501410099,14.15172767365021,Female,PhD,80.71179406219208,1
16,56838.31658122411,3.5098207750223445,Female,Master,77.43657223702715,1
50,82475.03517351625,4.329988715942946,Female,Master,64.0979159320057,1
38,40347.22654429785,12.07064586737401,Male,High School,65.1446039927907,0
26,63917.60192121856,9.085981243302593,Female,PhD,65.30256280365326,1
53,50855.19687345627,10.205905100958093,Female,PhD,76.1053531747394,0
36,54028.88418294885,9.362356865601987,Female,Bachelor,68.73684723816993,1
49,72927.02639618798,9.562783683712576,Male,PhD,79.9406391897552,1
35,57617.53634434436,2.694111486755668,Male,Bachelor,46.45373337095609,1
59,58074.441185744494,12.189270826485792,Male,High School,66.431481348722,1
56,66087.61005964704,12.678359969711094,Female,PhD,63.7394603908895,1
32,44525.70905685672,7.082437023727889,Male,Master,72.43659321627507,0
46,37411.85498991491,7.82609220074455,Male,High School,69.61952241509861,0
42,34327.862089684495,1.8755699897771114,Female,Bachelor,82.97843779895767,0
51,20504.65115935997,10.057019024071339,Female,High School,56.406632283399425,0
23,80843.10694910484,10.288229766856576,Male,Bachelor,75.45491476330751,1
43,33451.87451417475,7.751235932002756,Female,High School,80.58336423211705,0
47,46681.19564621342,12.49741343948201,Female,Bachelor,93.56647436561954,0
13,45847.80050166619,6.663691076080238,Female,PhD,70.18234028906525,0
20,54611.10046713651,10.258423703574401,Female,Master,78.24458604352517,1
10,62236.05818808945,3.9213426452315376,Male,Bachelor,56.96137207437635,1
31,62907.10232539618,7.905791396503048,Female,High School,51.08043795686976,1
43,41253.83842146592,7.3025829683886565,Male,Bachelor,83.447743757817,0
53,47493.174293203825,8.901231688163767,Male,Bachelor,74.94439706351929,0
35,54238.69925732449,6.521892284666565,Male,Bachelor,86.78512689798423,1
54,46269.633107246795,7.474109617313329,Male,High School,61.26597111030251,0
18,74110.18364029989,11.304188685766025,Female,Master,80.19902139528753,1
14,57364.62427457377,6.25294305104713,Female,PhD,93.68817840543853,1
34,61023.16679074726,1.5736915970452827,Female,Master,79.19705608357266,1
39,59943.21903001119,14.998335616821683,Male,Bachelor,77.7658150559105,1
34,67602.10786227987,13.525816314761947,Male,High School,75.0855608082435,1
10,,2.8309492195775254,Male,Master,59.291185428740874,1
33,30547.5207806623,10.758831220980777,Female,Bachelor,88.55572935710347,0
19,55995.31927628962,5.988100917794627,Male,PhD,68.89142360194934,1
43,40229.64659312257,9.053948861324239,Female,PhD,80.04483256383017,0
39,42070.74977375365,9.176896516053976,Female,PhD,59.36965693428746,0
23,58795.4602813264,7.062368798734712,Female,Bachelor,63.2054033549222,1
28,68574.24607150453,4.864937337654414,Female,High School,89.35087399222235,1
22,50319.073651040926,5.237835790734962,Male,Master,71.52697711042157,0
34,54632.49518898446,4.335232338075031,Female,PhD,89.53275476042545,1
46,,4.672711167078221,Male,Bachelor,74.21769340941482,1
23,53611.297692328524,7.731286839802579,Female,Bachelor,56.58102227042143,1
41,89025.24671270592,5.136960043556993,Male,Master,83.9206759973172,1
28,58482.64468447316,10.72820826285048,Male,PhD,69.10107682244393,1
25,23588.558612662735,13.948984621343708,Female,Bachelor,81.98688813517043,0
33,61300.12431656799,5.679787034519828,Female,Master,75.25210867540082,1
22,55717.37577324166,8.957618002141508,Female,High School,59.568817720571296,1
28,69346.29131124119,9.998740441211735,Male,High School,76.64294765370569,1
20,60097.72026904937,9.888009083677098,Female,High School,96.96223142152799,1
58,47923.16024024339,8.30382107166435,Female,PhD,79.9298645851446,0
35,31635.526455659514,10.970729673438889,Male,Master,74.42482246994537,0
26,46864.65114070962,9.928995810722629,Female,Master,85.75343401956897,0
37,37242.1931868605,3.0493503106908086,Male,Bachelor,77.1066846520311,0
33,41292.14825292916,11.476624257557093,Female,Bachelor,77.09534230262794,0
32,58828.67606630914,11.54916334906697,Male,Bachelor,64.08374827840898,1
42,75048.56756527109,4.946855583285673,Male,Master,77.33848025789598,1
44,55920.07294734471,8.151751341790408,Female,Bachelor,85.35443416416945,1
28,32061.754069472234,10.733315971244277,Male,Master,66.63937847899976,0
28,56669.040023302114,7.162744721682554,Female,Master,89.24495821246947,1
31,67949.47229968477,12.291912191064046,Female,High School,74.08293975854875,1
7,,17.455489978477445,Male,Bachelor,66.12230488461459,0
16,47989.742499906235,4.856055869460071,Female,High School,84.97632076920245,0
51,50220.32292093796,2.4758215873849005,Male,PhD,72.13205764261731,0
54,38226.5253037664,9.215274382419503,Male,PhD,82.59514887486108,0
32,59724.20650765789,10.886250020504574,Male,PhD,72.08241367741462,1
41,48185.77777088327,7.076534504620924,Male,Master,74.40173856470096,0
38,56292.98665860542,13.813042653284137,Male,Master,79.93560204334291,1
71,36687.6173329685,2.645576801107005,Male,Master,77.90897057590006,0
48,43438.125495148844,10.771674492126444,Male,Bachelor,55.044682195482615,0
33,60835.72036741657,5.576556716964427,Male,High School,63.78756259905608,1
23,44407.502718623495,14.877511624829186,Female,Master,84.29409984790816,0
15,75904.45776850107,15.970061412672473,Female,High School,73.67863411098453,1
37,44005.45721578097,4.933373648866608,Male,High School,69.76268697228578,0
25,53370.27088627829,5.80177145636568,Female,High School,61.41425984742526,1
17,63988.86247809635,11.438351547919208,Female,Bachelor,64.20263678724152,1
27,28724.514006004523,6.4514774008419415,Female,Bachelor,54.78201360038052,0
22,23587.86782028836,7.8183551282710475,Female,PhD,73.98719281298467,0
55,27115.15528144858,8.10155368216964,Female,PhD,69.01562419418953,0
45,68938.76155140773,0.3213073752093747,Female,High School,65.33412109014685,1
34,41722.127811613296,7.944649015623051,Male,PhD,74.31876574832047,0
52,88372.98928502378,5.241088903743305,Female,High School,78.63970630852738,1
35,41536.286020139174,6.027508710400912,Female,Bachelor,95.93197932209945,0
24,,13.774528013875257,Female,Bachelor,59.88116580436787,1
53,73131.64928851814,2.9739724228829747,Female,Bachelor,86.59381043300522,1
41,80091.39332238684,11.252820746991908,Male,Master,84.73101561015072,1
22,80922.55364954597,6.884148278672766,Male,High School,67.209072606233,1
32,68125.49345889714,6.880959326016662,Male,Bachelor,77.03235954586032,1
24,65360.93788717194,11.161487584206846,Male,High School,70.42366750662384,1
18,58887.90423801775,9.360205178275562,Female,PhD,76.85688580418739,1
46,61675.41614249957,10.282451988878124,Male,PhD,90.0913101340455,1
57,41732.214255072,11.872738642131445,Male,Bachelor,81.05606232631312,0
18,37727.016748665395,6.674766467266709,Male,High School,80.08608373233442,0
41,49949.38313883572,5.551053061968998,Male,Bachelor,70.69690680045358,0
27,47447.23066212607,3.6593978937688076,Female,PhD,60.15943335075665,0
29,43201.579260090875,4.698357880084179,Male,Bachelor,72.91531789459592,0
27,60445.81171185073,19.796377701234903,Female,High School,87.06608154863915,1
24,64329.57812855766,12.978718322947147,Male,PhD,59.72832143410352,1
35,51326.10329437771,2.5957025351679146,Female,Master,64.44910631823305,1
25,72162.95121582893,2.7101681730257194,Female,PhD,76.26267736234068,1
38,32874.66328799742,9.927464246873965,Male,Master,65.15345215152738,0
34,47095.10811080423,10.189059189511868,Male,Bachelor,67.07476552884788,0
32,39247.66519095792,10.195535341269458,Male,Bachelor,70.76401418271823,0
24,22001.9507439041,6.980176825785208,Male,High School,61.343825958098506,0
28,48759.78971235951,7.498182959988399,Female,Master,65.25878153783631,0
44,48173.78737425074,9.31151809663743,Female,Bachelor,82.03427916787308,0
41,,8.343572025173321,Male,Master,61.92630217769036,1
23,59462.17526832166,0.0,Male,Bachelor,59.021278655051624,1
36,34637.19763506192,7.080801477699225,Female,PhD,68.69975020466106,0
44,77811.38849501283,4.594374262958746,Male,Bachelor,82.31955502509845,1
14,68315.5054328803,8.700845675634048,Female,High School,73.0307819200311,1
41,58731.465552029236,19.94103601041364,Male,PhD,70.35418921884381,1
27,46602.738517252525,9.469926661897217,Female,High School,75.44358797515608,0
41,35608.4114491478,6.745881255310408,Female,PhD,57.54292567140348,0
25,44416.8983589342,11.687206007909008,Female,Master,79.94705653775033,0
13,,9.93075154883685,Female,High School,78.83435031403644,1
15,78268.79458901913,9.680377961807364,Female,Bachelor,70.90691525904279,1
35,,10.427402372862684,Male,Master,85.05924511796417,1
38,42667.258673205884,16.226174259318164,Female,Bachelor,63.725039010469615,0
24,33205.73850066483,3.4764462586963374,Male,PhD,86.2790899325357,0
42,52113.29370366806,9.894528307245817,Female,PhD,76.54493665595251,1
15,,4.294475480073846,Female,Bachelor,71.63447410121826,0
34,54847.515712771725,10.222050585368994,Male,Bachelor,74.80126364631688,1
20,47785.96120551997,4.325253954055622,Male,Master,73.92735234189058,0
27,43009.452471976365,6.330532745579663,Male,Bachelor,87.20282896417717,0
35,26079.453990998067,6.819640343048375,Male,High School,64.23320872528987,0
24,57704.00159854575,11.903266877378837,Female,High School,67.37480760853401,1
30,42009.487405071326,11.673817775769656,Male,Bachelor,85.3630289207248,0
47,32451.24746434568,3.017130494214462,Female,High School,69.04465064816141,0
28,6916.066800775261,8.219736443999395,Male,Bachelor,84.00533077331592,0
45,49587.27642424046,5.16168058100331,Male,Master,91.99435983008709,0
21,76583.77395004616,2.965980357298662,Female,High School,70.98204973058367,1
41,74918.88821821805,7.131931798302518,Female,High School,81.81362326575305,1
52,43143.55615120592,6.766068846176721,Male,Bachelor,63.46307718660142,0
5,40966.81909457329,17.70686594538209,Female,High School,82.54733298067809,0
25,57031.613841125356,9.731839301442784,Female,PhD,76.99423985986768,1
41,35024.21841217563,2.489529996983051,Female,Master,79.73038282160215,0
32,54526.87849729199,5.740903983316231,Female,Master,68.54427927964605,1
39,,12.085533181717594,Female,High School,58.389165844328275,1
27,,16.3537710914797,Female,High School,80.03252064749505,1
36,48497.68885280071,1.6560667510481668,Female,PhD,54.365968475205456,0
33,46944.893747345515,0.4803024594438199,Female,PhD,71.82649507757465,0
49,36830.261198651584,15.483860701487128,Male,High School,84.4118186641997,0
38,37596.7946894021,9.558456709483615,Female,High School,76.91897735873036,0
39,46602.8166214771,4.526829072494534,Male,PhD,94.48342644789813,0
30,55510.48260224267,10.13851634448974,Female,Bachelor,85.25109152581774,1
29,63703.76939349874,0.0,Female,PhD,68.46101611674423,1
29,37952.31573979482,8.013502026388643,Female,Bachelor,75.27313379851438,0
39,72390.32853439283,9.311284691372341,Female,Master,74.52629297455564,1
29,45933.14598436147,11.697080558151319,Male,Master,59.17823236653873,0
38,49679.490584773455,3.944416190829849,Male,PhD,65.59601083515646,0
59,38791.82481278265,8.342748645613437,Female,Bachelor,69.3923909302014,0
45,13636.396095905875,4.298301495761651,Male,PhD,54.637794971440634,0
31,63260.68094541575,9.021535022697268,Female,PhD,75.47493468251643,1
49,61052.6584563865,4.418614710547903,Female,Bachelor,72.50928155346959,1
30,45780.0866432268,6.367596643359118,Male,PhD,58.27106098688426,0
10,51004.86075837308,4.016738420839084,Male,Master,79.04212865277331,1
22,57739.08826556149,10.604544967294629,Female,High School,82.1587274469096,1
12,26561.81214670186,11.433804466626661,Female,High School,77.27034478864888,0
30,42064.209839805575,7.061517720170345,Male,PhD,71.7593182479103,0
35,61913.970194327405,8.152951979840113,Female,Bachelor,80.91442151751855,1
55,31185.658652461258,2.2056343414658235,Male,Bachelor,81.80220360476692,0
38,54403.368982499436,6.801293407972851,Female,Master,78.07403569719689,1
32,29651.272930648924,7.799181531833021,Female,Bachelor,66.75387749565239,0
44,56996.449736502895,18.483172364119902,Male,Bachelor,77.7660076551118,1
8,49465.37776553775,3.5521318969033455,Male,Master,86.95480650825479,0
37,25773.022761417356,13.85670895500975,Male,PhD,69.0337094138827,0
44,67471.09031685758,11.987435093863231,Female,High School,95.97939339132431,1
17,38981.12634802926,9.122545617960546,Female,Master,69.74369066014616,0
48,37846.213444784284,15.034481936780534,Female,PhD,75.32407013340136,0
39,53008.53795846414,9.488421890427452,Female,Master,68.27514403993663,1
30,67229.56024143074,9.556636782671715,Male,PhD,77.2327083592026,1
42,34762.67271532405,7.787517387929818,Female,Master,57.57778307364725,0
62,50925.197747719576,12.894275529674509,Female,PhD,69.53958201183279,0
37,56432.24750495859,12.385876935243534,Female,Master,64.07878799651434,1
37,60396.584108947165,5.49729085001515,Male,PhD,76.35338347892291,1
29,52646.62332915838,2.7230112216049305,Female,Master,84.94447375508908,1
24,44494.58241375016,7.188077450417372,Female,High School,81.46006187114551,0
44,37586.146690269205,4.799845742409414,Male,High School,51.28340639141108,0
24,51292.158245695624,7.74590170153858,Female,Bachelor,95.4206965292788,1
35,33917.9148202159,12.949752538736558,Female,PhD,77.95279940620868,0
29,6179.742747580887,6.1707933796528405,Male,Master,67.23500859507,0
40,56548.39706236502,7.828706474753701,Female,PhD,76.5712791899094,1
39,63559.02261629293,8.232090939233581,Female,High School,76.76189822502693,1
47,14556.01346687242,11.393723528821138,Female,PhD,68.33151283048436,0
28,34854.03942935094,0.0,Male,Master,76.97916667342075,0
31,59287.31391507797,5.5731988209388135,Female,PhD,68.92527712379693,1
23,80862.43204567548,8.845134769117891,Female,Master,70.95638007309978,1
29,50311.905615131116,12.800315825707445,Male,High School,68.13720864244915,0
39,39079.955881562986,6.03239020997518,Male,High School,60.673287102603474,0
44,47256.553383427396,0.4937891758325037,Female,High School,76.45836470215384,0
23,70623.14628722277,10.478845783864545,Female,Bachelor,80.85299436516338,1
45,40310.53731313197,5.458550444697483,Female,High School,80.14883596076372,0
51,38012.119900246194,3.241333363638555,Female,PhD,83.19925252635234,0
39,42758.847167269516,5.502618441147104,Male,Bachelor,78.24340210014869,0
57,35700.07087611932,7.261898569376601,Female,High School,69.67274501783096,0
25,51840.054739921936,5.5810213418471495,Male,PhD,83.39663864431189,1
20,74370.17687704341,0.0,Male,PhD,61.42482460158065,1
13,54846.18909674043,11.588264787548528,Female,PhD,65.9932861748752,1
52,46214.69746810569,13.09950016511489,Female,Master,65.35799928576755,0
42,45622.83096626684,10.606087965358023,Male,Bachelor,85.80056059139311,0
34,26552.137869550144,3.4492573183007336,Male,PhD,84.42788514140075,0
38,63246.646657207384,7.194033864209928,Female,Master,79.87305237044995,1
21,48832.44204480797,7.973914739082168,Male,High School,85.71929865211797,0
64,47292.80129614061,10.39517755824764,Female,PhD,66.20717217588012,0
36,97896.61351767291,10.673361954872323,Female,Master,78.4859511986098,1
36,54481.2936254853,5.063304804886017,Male,PhD,73.74825571616836,1
43,38723.134248572234,8.327982225654242,Male,Bachelor,83.46882103884914,0
40,43604.63605691685,9.829121618460965,Female,Bachelor,73.84775767447802,0
37,67226.68563795132,13.823289288587066,Male,High School,71.15057111589918,1
25,51699.056158066465,10.818026159298892,Female,PhD,80.4090851856099,1
40,28425.830325239498,11.156226749502075,Female,Master,83.76169167191233,0
57,63788.43401862805,8.335306511717445,Female,High School,68.31654805153198,1
51,39977.83871691509,13.641836580814015,Male,PhD,74.38924328647624,0
54,,9.639051183837989,Female,High School,64.41559366358348,1
28,66200.72098571973,4.555648359305718,Female,Master,50.019389825070604,1
23,43290.17156511873,13.613479880500762,Female,High School,77.00459631413729,0
33,69215.2454260267,10.79161309015611,Female,High School,81.08905356254633,1
35,51017.83265791105,6.227823915486071,Female,High School,77.62066809086726,1
48,62791.605126833296,6.082028130403026,Female,PhD,55.50438282245633,1
14,57270.99225941712,9.186302180563047,Female,Master,71.49150569923525,1
53,37304.6501751369,9.852739181070339,Female,Bachelor,52.81652239948919,0
33,40346.75251523807,8.789169062524826,Female,PhD,88.69701107654186,0
29,65449.412263717415,9.24523469377154,Female,Bachelor,64.13945417881914,1
22,44978.37001840189,14.799829498305522,Female,Bachelor,87.55403609459896,0
15,43945.27305137005,12.286172608939543,Male,PhD,84.45869643684145,0
44,35673.16130975971,8.762542365060098,Female,PhD,65.99409647463938,0
35,56353.98598390192,11.765242323069934,Female,Master,63.672150487322554,1
19,80937.87378864718,3.869904385889842,Female,Master,78.50370216386338,1
19,33987.006286185904,9.591708199787236,Male,High School,66.55675962816929,0
30,50363.29185009137,15.237225398932441,Female,Bachelor,76.02484642158207,0
55,71183.30833123144,7.127816418430505,Male,Master,70.17172409193081,1
31,48805.37913131427,4.609464285523661,Female,High School,57.18841585534366,0
16,56785.57694374601,5.391644445627757,Female,Master,52.695319808755414,1
32,34064.0970777968,3.6414678506304465,Male,PhD,77.26684248494597,0
31,56424.60645811473,4.860952367489187,Female,Master,69.38442253669375,1
2,47192.83602493177,6.517967605639884,Male,Bachelor,69.46910183085868,0
34,64785.94993519795,2.377731923285432,Male,Master,81.95863839093785,1
32,67810.79077347126,8.062473335798412,Female,Bachelor,86.73442276632444,1
43,,11.609108695146588,Female,PhD,72.2745527863819,1
57,58694.497598203634,4.368975279412318,Female,Bachelor,71.59401293090139,1
48,,14.077135694567076,Female,Master,80.00143033113883,1
31,52915.76452366004,10.043168354110378,Male,High School,61.43064430300424,1
21,44702.505607839674,12.12232234249623,Male,PhD,77.23153054747696,0
65,,5.368661784591452,Female,Master,80.51885971822153,1
35,45568.97884791456,11.418100908266464,Male,PhD,81.80230208417629,0
35,52526.91464404421,3.632264398418748,Male,PhD,55.63247297497535,1
34,69763.9630341194,11.560990003346035,Female,Master,67.3864473019106,1
37,34901.86152080538,8.687357359174126,Male,Master,66.21736747176533,0
33,67098.17841693568,10.213004879939135,Male,High School,75.99886954409213,1
28,69756.72601009798,3.2976215775005935,Female,PhD,79.80744579767983,1
28,48228.97209513382,4.419720630893581,Male,PhD,89.96710407445981,0
34,18172.17651487108,10.388912873013538,Female,Master,70.05034519631927,0
28,40882.670193583515,4.206607983103197,Male,Bachelor,70.02427501690786,0
26,69454.91819841664,9.852825168396492,Female,Master,86.49672018878746,1
36,49656.97906551677,2.531448774159017,Male,PhD,77.96576938530305,0
31,35010.466515576336,11.392696850666672,Male,Master,87.67651511187974,0
53,42428.376181576736,3.0699067409259637,Female,High School,77.88728003009837,0
3,62609.300397568295,10.209199750718092,Female,Bachelor,63.42883381286729,1
48,58201.00352302069,10.502523734584003,Female,Master,61.668716452221936,1
49,46416.01851245458,5.212912726281701,Female,High School,59.48487750941071,0
10,44497.63382277969,10.328106268338907,Male,PhD,81.62051834758473,0
30,44123.62776434267,9.041769053334225,Male,Master,86.88596823087008,0
30,36163.84723252246,5.844632575229047,Male,PhD,93.4936214138638,0
18,74230.63534204163,3.9657812636951677,Female,High School,83.4310533232324,1
25,45165.192961829904,0.14949723330968379,Male,PhD,86.62838577534986,0
21,68257.37781238244,9.398600189198774,Male,High School,69.19983667346315,1
56,72819.74077883677,1.7407889145517794,Female,High School,63.43584183256144,1
46,64974.66347221941,8.381376797765233,Female,High School,83.50079332417553,1
50,43525.695309229275,6.946207135671004,Male,Master,79.176807522394,0
43,56055.95135504914,10.716571101752782,Female,PhD,76.07444374340892,1
21,49637.06590413626,6.791818002040543,Male,PhD,78.8737148063299,0
28,36444.47208904808,6.682208854611634,Male,Bachelor,78.23185482458206,0
40,54865.389225824045,10.927482817153182,Female,Bachelor,87.83816859853562,1
20,32314.40313260296,9.34023211633647,Male,Bachelor,87.94985584816956,0
43,67815.19082692346,9.264623828731112,Female,Bachelor,80.44220352340346,1
32,43030.7405405241,9.877070359234105,Female,PhD,83.45802872562928,0
30,53017.39483809259,1.8577115071715768,Male,High School,80.14062552424775,1
43,54249.31807319213,11.027154719947928,Male,High School,70.3883026796538,1
40,46116.42539443884,10.449875176054409,Male,Master,82.5656467491314,0
30,58800.40702212912,3.933267485694011,Female,High School,61.05504931140739,1
48,42876.44515066213,7.023678105303195,Male,PhD,85.53891552295883,0
22,63069.45946185866,7.842770849489475,Female,PhD,63.05477060233965,1
42,29810.304796298773,7.4620128623930695,Female,PhD,77.85803286794733,0
42,51895.693693196175,9.33543986627414,Male,Master,66.54846041573842,1
31,79083.93498587428,13.725467127324734,Female,Bachelor,80.53388983074427,1
38,,12.327066910691315,Male,High School,74.66074774072091,0
19,39833.82544212723,2.751123226274375,Male,PhD,59.05244041836667,0
46,57708.617744883726,10.488279961224194,Male,PhD,79.20699631018479,1
32,52693.72672909397,13.31573327814164,Male,Bachelor,69.22079223167289,1
28,55259.45148910339,9.54723408275681,Male,PhD,83.81146720813369,1
47,57337.80695221495,12.363921700743868,Male,High School,75.01325688734407,1
26,59520.82202842655,16.04908178280306,Male,Master,78.95420985388039,1
18,66645.49762934334,12.094838184427925,Female,PhD,65.42431044984788,1
16,56147.279853927685,8.997234382566916,Male,High School,69.10667768572638,1
42,46381.13518072186,12.180353896339014,Female,PhD,70.41361363898915,0
19,60088.60551804097,8.579551332387565,Female,Bachelor,83.56702480242555,1
56,78498.22902342823,8.095612173139822,Female,PhD,91.77377087805489,1
10,48010.493804261394,6.594343057145069,Male,PhD,66.94828248257124,0
55,,14.253653435328433,Female,Master,85.7684814465768,0
37,66606.2100393046,4.726285336231994,Female,Bachelor,53.30322582274298,1
33,48194.282540696026,14.129470898712464,Male,Bachelor,63.058105989077106,0
28,17409.95680978946,9.999456494961485,Male,Master,65.41221543813225,0
39,62711.325157256324,2.402775300792234,Female,PhD,61.474913105592776,1
34,41970.07721069116,9.470597171965686,Male,High School,59.1641161021242,0
48,48642.00076543759,0.0,Male,Bachelor,79.12998912137797,0
36,54979.70495853522,10.502032067324143,Male,Bachelor,72.85932302272138,1
36,52857.495196685995,11.540925931955965,Male,PhD,78.7940539760511,1
30,60641.77725708559,5.630576177391786,Female,PhD,81.90472686121512,1
34,43467.70444145235,8.49419078382233,Male,Bachelor,77.65616993172533,0
38,,15.816629735001145,Male,PhD,81.57763176150374,1
14,46106.79983624124,5.977013182952254,Male,High School,74.3046771375773,0
18,61082.157213312545,3.764369651773598,Female,Bachelor,63.13006611694256,1
43,59230.5122601958,13.926653609850394,Female,High School,85.57814180820796,1
37,35968.41946933107,15.85034876212318,Male,High School,69.10887867218872,0
32,66289.73174262549,8.014782687391389,Male,PhD,65.64403701237575,1
35,41960.54832328928,12.045852141633425,Female,High School,73.22082124195602,0
39,62120.86697421718,13.365903662123525,Male,PhD,65.87189080703487,1
28,55509.30970102011,5.030063069846464,Male,Master,70.82569618010568,1
25,77572.75515192683,6.058776658528527,Female,PhD,78.44053921563466,1
37,46648.01026442222,12.923498052618939,Male,High School,78.48341739246126,0
23,44760.24805822704,14.740057114834038,Male,Master,66.0216993357437,0
39,49708.70591168401,10.251523440697419,Female,PhD,70.12294627051256,0
14,45452.303257485866,4.480742585991782,Female,High School,85.74333004770244,0
47,61999.12852913075,15.948244446797766,Male,Bachelor,79.96400117733941,1
40,25755.34087345118,5.876116408752142,Female,Bachelor,95.75065039348542,0
38,34194.76371280469,6.659448875314193,Male,PhD,86.80128173741528,0
46,33982.9561763121,9.369351337958486,Male,PhD,86.44293068559939,0
54,64254.61387960364,14.216641682859096,Male,Bachelor,61.12131449544198,1
47,75659.20058872888,11.415903906208895,Female,High School,82.63860351633423,1
12,48433.261721937924,9.659462001447642,Female,High School,74.4689319830309,0
19,47467.67415214984,9.853154120472425,Male,High School,69.4901819646175,0
27,51050.78244669772,8.174058674573864,Male,PhD,76.68015340532529,1
35,67428.17453912286,10.232558058074025,Female,Master,84.45211534611484,1
41,,0.0,Female,Master,80.00831591004211,0
26,53575.53474102178,6.813570163720806,Female,Master,66.2152619865794,1
37,64627.96444673645,8.965287739667124,Male,Master,82.4245891359262,1
25,57516.41254909768,3.3959436655219717,Female,Master,68.62412457924036,1
27,52843.724248981154,9.54529327124624,Female,PhD,77.16683118964286,1
18,65015.69138850712,7.182115116055514,Male,PhD,71.96649932522865,1
23,9451.515605011446,15.02190279326196,Male,Master,72.81133748264374,0
18,60168.12979296361,14.292078900859426,Male,PhD,82.6624297504051,1
23,40188.864753088645,6.136777723527349,Female,PhD,64.59806280184102,0
47,22540.506547153145,7.396649153733219,Male,Master,94.45195074276933,0
23,57668.03899287471,7.70420973756643,Male,High School,56.78913930705504,1
66,70604.87817744436,6.193362095361509,Male,PhD,69.02332316745142,1
40,47938.27228058462,8.780099936112506,Male,High School,78.70211889941741,0
37,64293.118208044085,4.966871724449639,Female,PhD,80.8431416643531,1
24,,3.4775386602498948,Male,PhD,73.99524279428294,1
43,69723.7168037607,10.490844895601075,Female,Master,74.42609296998458,1
28,74599.46794057089,10.518118336887243,Female,PhD,79.10550085327617,1
36,61131.91236607838,4.782736961360031,Female,Bachelor,72.6893052254232,1
65,51131.50458352389,11.581421723050399,Male,Bachelor,88.93181257934906,1
33,25970.512821542474,5.473689083338675,Female,Master,83.39349114231602,0
48,46309.062678050774,9.012660952151926,Male,High School,83.72824351005634,0
26,,11.281376050449824,Male,High School,65.33843276629582,0
34,82564.1407624672,7.865549741185148,Male,High School,74.20611575594297,1
56,47361.712813514954,9.818963648564537,Female,Bachelor,71.99534051279296,0
27,51848.072101767284,5.934281424449713,Male,High School,64.94398624310534,1
56,58272.280640607016,7.214133666287611,Male,High School,78.60164183945767,1
43,50654.03669558681,7.176562276478639,Male,Master,69.62354242220184,0
28,75425.7656064613,5.013686613839044,Female,High School,81.55403829850238,1
42,40660.25957398322,7.292903347536871,Female,Bachelor,64.29808437105669,0
46,52919.11182855864,1.8055268045450132,Female,Bachelor,92.1904061284182,1
42,38862.94121452927,6.035385011431581,Male,Bachelor,66.03667341407939,0
16,30199.662331689415,6.8604980265213165,Female,Master,77.19302337200436,0
26,40823.46363642072,6.975280990018479,Male,Master,82.91859310388068,0
32,,7.034010216516885,Male,PhD,69.29359569799887,0
34,43560.4666322411,7.752943200559485,Female,High School,83.52468643432951,0
42,39613.68530189216,9.917766072344255,Male,Master,62.70816402199584,0
37,28905.23804492249,11.49806829653009,Female,Bachelor,89.5211769918256,0
18,48753.41641056958,5.400939092606931,Male,Bachelor,75.14149264965758,0
39,27429.194389534965,3.187196578443422,Female,Master,69.0358859203112,0
42,,3.831822351027588,Male,Master,72.00818227572566,1
41,51236.59629401755,6.051188315220291,Male,Master,83.08919269392719,1
47,28136.72750802604,6.592314728733964,Male,PhD,69.15544708149562,0
45,45361.863844252046,4.920015735210171,Male,Bachelor,67.50642310577223,0
40,,2.815533343000422,Male,PhD,72.78463402416261,0
34,54787.61765628771,6.175516690103247,Female,PhD,63.23037887230032,1
15,70106.75669034716,8.725706480455885,Male,High School,93.20543907941816,1
40,21872.41295531383,10.380117863342258,Female,Bachelor,69.33605408785277,0
37,51725.39118721126,5.770307787566715,Female,Bachelor,83.31616786180403,1
38,47598.00806650039,6.348008711426264,Female,Master,77.09470083647773,0
19,60070.101146756984,4.293206764610757,Male,Master,65.15465949518031,1
22,53197.94942356534,7.874243318500894,Male,High School,74.94045290787271,1
47,38720.460023917716,4.606285463236741,Male,PhD,82.84002779310748,0
34,45214.19096500073,10.2925112529648,Female,Master,73.11738664913693,0
43,38059.612147947664,0.8565340322635553,Male,Master,86.93112945851028,0
35,66140.10707897898,6.561481310190151,Male,Bachelor,85.21515392781863,1
35,50319.67473007913,9.204429356766969,Female,Bachelor,84.1891485465833,0
46,78517.86028629511,8.735338065290017,Female,Master,70.40343227727003,1
28,49090.08779278069,18.772134655921988,Female,Bachelor,64.20157552218512,0
36,39373.898496343056,9.39920009827163,Female,High School,68.86412394637206,0
29,27294.28411080759,3.983781612631959,Female,Master,76.9624094066672,0
29,22952.904856160825,7.618143011643708,Female,Bachelor,80.45786713532355,0
31,26237.960854917652,0.8950146661341929,Male,High School,53.28428595239552,0
37,54006.89976517225,7.677601002812956,Female,Bachelor,74.91886798388249,1
29,57630.87534844901,4.667775771996965,Male,Bachelor,76.58089225323184,1
50,26282.139469518,11.661561102240647,Male,Bachelor,72.22455743684448,0
24,63425.57471114173,5.80183890161786,Male,Master,87.9127383901588,1
32,42754.08422474841,7.532936336819014,Female,PhD,79.21780074250871,0
29,52201.89517978324,5.457768634382386,Male,Bachelor,88.10191908080897,1
52,74183.30942383136,14.955405407413325,Female,High School,72.84039479649768,1
37,63452.58973798298,6.715028935528354,Female,Master,84.37477492506925,1
47,45972.04028141251,15.330228173916808,Male,Master,91.35066394527519,0
17,36632.11661877069,11.256607048473066,Female,High School,88.11693449272661,0
38,17722.768980060428,9.928266909341545,Male,Bachelor,64.07858406571268,0
45,39212.7002113637,9.474932589270079,Male,PhD,72.46323922457618,0
35,46833.046417584585,9.575189192865006,Female,Bachelor,71.54835294550203,0
47,35192.30709273224,0.28930968261756007,Male,High School,79.89254535076327,0
28,48031.145493615426,6.884466423396974,Male,Master,81.86353555014533,0
51,51152.77824438152,11.380631884737287,Male,PhD,66.61107325974264,1
62,46627.16027287882,7.804411266103578,Female,Master,75.67838513916938,0
30,40249.961287648104,2.3792406127856998,Male,High School,54.800726678438636,0
29,52529.82007950092,7.790382197690122,Female,Bachelor,89.4194500580189,1
52,56629.109743541136,14.816422065021964,Female,PhD,69.87625759323306,1
53,33644.01383835731,12.987566862138877,Male,Master,75.55863939844497,0
28,71163.98569619405,7.751983962535873,Male,Master,71.90350286011939,1
29,48521.17801573608,11.805797108232346,Female,Master,86.46027575013414,0
31,50282.744344172716,6.533971918527793,Female,Bachelor,46.62493558602621,0
18,60623.21634884836,1.1845136526931244,Male,PhD,74.83389657674091,1
23,53498.24196895253,4.302136047481783,Male,Bachelor,73.94181242502302,1
22,,14.25155507403279,Female,Bachelor,70.46363612408317,1
25,54306.86247802736,6.904027672682783,Female,Bachelor,92.26226545635632,1
34,40813.43938039343,7.026464082499928,Female,High School,66.12670541144229,0
37,55422.55287809153,6.8006472149004775,Female,High School,82.71796177235662,1
53,32844.10689019007,15.616546358292027,Female,High School,78.56252788706084,0
23,51628.39558664785,14.503835661448253,Male,PhD,87.61519252535516,1
46,49501.550140333085,16.875120933792537,Female,Bachelor,68.32810915222494,0
32,46878.2471409119,7.363819158399795,Female,Bachelor,67.67031100876241,0
34,48071.93732841604,9.18249795498838,Male,High School,85.96069907477398,0
43,21772.264317535413,1.9334298023168355,Male,Bachelor,79.2532130833011,0
21,41769.12638388558,13.907737704473098,Female,Bachelor,59.55062653323242,0
39,51392.673517116724,3.32888179492826,Female,Master,69.60694985536729,1
36,52397.84587996101,8.867102255050517,Male,Bachelor,78.86382653848061,1
40,,3.6107898894686237,Female,Master,83.3776422154659,0
38,68985.61761297051,5.644532693045216,Female,Bachelor,68.20769346807045,1
64,37007.377276782485,4.650950275801199,Male,PhD,45.85744010183059,0
27,64541.85800790105,5.568498957296729,Female,High School,80.23223185737034,1
28,56407.91542807527,5.843509187404086,Male,Master,62.796793100560244,1
27,,5.806924820299692,Male,High School,54.82661201877589,0
28,76629.66338914268,11.333335647121228,Male,Master,46.676740750158594,1
27,32095.447523652798,3.5805488277499196,Male,Master,83.1398086019774,0
49,,8.882165708055467,Female,Master,76.28617450404967,1
52,65008.734770644674,12.871836609222234,Male,PhD,72.74343619287748,1
28,39940.69686385033,5.9472145419464155,Female,Bachelor,88.89024362962762,0
25,,5.128324437009592,Female,Master,81.37324683023073,1
40,46249.302281015705,7.077901499278997,Female,PhD,91.16300042721917,0
28,54330.40443919785,12.718900833442842,Female,Master,61.072645278330036,1
42,53904.82758156831,8.776430523813431,Female,Bachelor,74.65449376046037,1
37,47985.368877941786,5.8751428215696055,Male,Master,58.83286625051986,0
16,62162.124097396736,9.93550660475216,Male,PhD,72.70617668144533,1
53,61902.33080828319,3.5908314006543067,Male,Bachelor,72.51384146233323,1
56,23772.02040142729,10.725438041771792,Male,PhD,81.26613637263071,0
27,69565.10364317229,9.63442923080707,Female,Bachelor,75.45563881141898,1
30,25062.620179464884,6.768766115444464,Male,Bachelor,81.23407138279916,0
38,65488.19306512486,4.6456568062110755,Female,High School,82.03440133138895,1
39,66900.57705241375,4.453276310866171,Female,High School,96.54928677383143,1
42,33635.50354677203,10.13926934538364,Male,High School,71.84703344713876,0
59,43837.78568068123,12.915922009956248,Male,Bachelor,65.58977299333621,0
32,33414.42997271096,5.450769011884821,Male,Master,77.46083615316408,0
25,46776.18454566897,9.833546814205937,Male,PhD,66.97719972860456,0
18,45379.48573721388,0.0,Female,PhD,89.81960768436537,0
26,61694.907984040095,5.661529077371202,Female,PhD,72.16781961054767,1
34,69654.63119179412,7.875764268516392,Male,High School,69.3442363212601,1
56,70935.25716184934,4.361266332072665,Female,Bachelor,70.28684278848883,1
28,41567.47960132547,4.2539745008416165,Female,High School,82.18417423471641,0
37,46861.671893832085,5.328881774124455,Female,Master,73.42253016768515,0
34,,9.168770913305492,Male,Bachelor,68.58333179869618,0
49,37911.94900255717,7.250683926374501,Female,PhD,91.6535191762353,0
65,64472.77449646186,0.0,Male,High School,66.4383015933825,1
28,74233.74235322347,0.0,Male,High School,75.35566074032994,1
29,31484.76692180117,5.572539288571298,Female,Master,81.5230615161023,0
47,41113.036112706584,9.830746344214209,Female,Master,58.686648895829265,0
43,49603.91364561609,0.0,Male,High School,79.80260501405925,0
57,54202.4173822941,6.0010792953934775,Female,Master,64.4489232451955,1
42,37855.94720117531,5.8950085739303155,Female,PhD,83.22782780834002,0
30,56360.915666961344,13.553351112833791,Male,Master,65.37348988081024,1
42,42892.409793936255,6.459912753148545,Male,Master,81.9276903184886,0
48,,9.531955938963714,Male,High School,86.05833066294713,0
44,58194.26372005549,8.565028560349853,Male,High School,83.61436525632806,1
41,50096.33404716407,0.0,Female,Bachelor,77.51316648238102,0
47,43454.21164210147,11.07282886652695,Female,Bachelor,72.686990570703,0
49,48355.852941112535,8.861586021825152,Male,High School,69.23580423665156,0
51,48674.55561191997,10.033074558698358,Male,Master,89.71034690817103,0
42,44449.83455176809,23.704950825745307,Male,Master,68.00504779832357,0
32,46118.059059993466,0.0,Female,Bachelor,64.62933926430004,0
36,73979.70755757076,14.898786599044435,Male,Bachelor,81.6536893503283,1
49,58413.791719118584,6.8502099223985775,Female,Bachelor,67.03863196813505,1
25,45567.795229562595,9.149315617612038,Male,PhD,65.49936502533873,0
39,60454.316067661035,7.817951018795031,Male,PhD,60.56395737830235,1
30,44992.70765365985,6.303054666407826,Male,Bachelor,70.17090160539482,0
35,67596.86956379961,5.720668287044965,Female,Master,74.17284976103507,1
50,55544.63288297141,9.318034942292037,Female,Bachelor,77.43091727660699,1
37,48390.467839936566,1.9313052133132835,Female,PhD,84.51306244299484,0
35,56715.75388715416,11.002316670087062,Male,Master,80.26897923665794,1
18,26436.85771897251,6.335222380458984,Female,PhD,73.0912778044682,0
43,33098.48796635292,3.479722643838569,Female,Master,73.0180432362028,0
42,,6.199948568016746,Male,PhD,80.10157468915183,0
60,52144.1464214556,13.028596867450291,Male,Master,87.7257016292857,1
31,75987.72499227637,5.858659651935108,Female,Master,76.263141994832,1
37,83469.50219288949,9.433814472838481,Female,Master,70.3086914578959,1
37,59570.76652161136,5.076174897138107,Female,Master,65.07133998914455,1
53,57512.66712416685,11.031687399694478,Female,High School,60.547947355877746,1
33,22984.133987708916,10.742030955160816,Male,PhD,81.66269672043524,0
38,41859.89300398967,15.394435333185646,Male,PhD,80.77978523639557,0
42,38183.24372137642,7.297744218003138,Male,High School,80.77363525106662,0
37,40687.28602623326,10.674619219031626,Female,Master,73.71340553647944,0
29,47477.84272122815,8.392270158155778,Female,Master,89.0693474589175,0
37,42918.64133454309,13.183487127452057,Male,PhD,70.15881505415183,0
47,20310.502844363185,5.124670449565079,Male,High School,84.55269237207206,0
22,61218.65384176301,10.980021251509125,Female,Master,74.61257105010456,1
36,33908.854613902906,7.221210815533273,Female,Master,68.91649235320662,0
26,53588.702961667244,7.743247291566009,Male,Master,80.92530307317762,1
49,81111.2400462496,8.367009937793492,Male,Bachelor,79.09636118683994,1
16,,9.00896158570671,Male,High School,78.56972759266927,0
28,12045.687158805056,7.535083827512167,Female,Master,75.812784220562,0
39,45709.936671798336,8.858852732682106,Female,Bachelor,74.62106918283169,0
53,66514.39452497856,14.312472230248737,Female,High School,98.88371992870438,1
34,79375.21181330891,11.941798742460874,Female,Master,86.84256645196173,1
28,31556.756083213746,11.476618369987586,Female,PhD,82.22826894985512,0
57,57450.48834854783,6.177841895904518,Female,Bachelor,76.11799158203388,1
17,43020.3431482992,4.443036687086703,Male,Bachelor,85.07157200596669,0
8,48410.774685437966,11.821202232951011,Male,Master,80.17994776391451,0
40,89665.15020525552,11.504187170119177,Female,Master,75.26204752774035,1
28,27455.4450740727,13.890682703003929,Male,Bachelor,71.96435674734084,0
22,53806.094922418604,5.584077496123082,Female,PhD,74.19082662337311,1
43,57015.3975764815,7.081805378558611,Male,PhD,43.29574264121945,1
37,66286.7948740902,1.4420633498982633,Female,High School,77.10600839297642,1
28,51469.747302063435,6.430115575756508,Male,Master,70.1152391988964,1
19,54620.75809256153,11.98628204231779,Male,PhD,90.92669998282884,1
45,44125.271488673134,6.134018483087209,Female,High School,75.19344070811755,0
42,54036.90411867661,10.561919180803296,Female,PhD,63.110365804650385,1
33,44852.11586753884,7.237987576008755,Male,Master,74.50119845871882,0
57,59323.57834784076,9.296228112886242,Male,High School,64.53878914937496,1
22,44455.84495934549,3.4092344407373307,Female,High School,79.73407415712467,0
16,55656.505908532796,8.340837798535604,Male,High School,77.90947364339485,1
26,49561.057794725326,0.0,Female,PhD,84.57839631108267,0
34,66890.75376158251,7.252415367352061,Female,Master,67.09118208305435,1
37,49229.094146172705,1.4781070251394395,Male,High School,75.34008096228146,0
32,23404.512976896778,12.823978066187264,Female,Bachelor,61.34978204573365,0
39,68928.82251070987,11.109629411058044,Male,Master,82.01494781924714,1
19,36414.015487060715,9.866683927864324,Male,Bachelor,80.18871180440122,0
52,40193.504920267704,14.08402490863752,Female,Bachelor,79.9580502102757,0
34,41065.08058934762,4.2043339167006515,Male,High School,75.01619031356941,0
48,70616.57139756226,14.989452791662233,Female,High School,79.14772890788791,1
39,17964.886790319568,11.728766257041539,Female,PhD,91.04339108308596,0
40,97066.22800489991,7.053778851124216,Female,PhD,72.14905742957986,1
41,65840.85213599078,12.542480588731777,Male,PhD,76.38645183710085,1
40,53348.5837119374,3.574825950353463,Female,Master,64.1387370081859,1
42,49176.5899907557,4.701943353889305,Male,PhD,66.31739038401668,0
50,54283.311122864856,5.565641107041198,Female,Bachelor,75.97813293093307,1
37,57816.836425690075,5.884089167743939,Female,PhD,86.03933546701907,1
43,59678.23378925085,3.773769428958989,Female,High School,72.43719175748427,1
33,58334.066990051724,12.892332268381299,Male,PhD,72.64083470687876,1
52,51343.71021882873,6.964582398520673,Male,Master,70.93114755495625,1
26,47039.923695390105,9.410019873427519,Female,Master,69.65243329155678,0
56,47730.90074519732,5.718594534345278,Female,Bachelor,77.94971455708821,0
34,47076.375794709784,0.7175867978059314,Male,Master,60.027423548213555,0
17,67006.55145300596,9.080229433565687,Male,PhD,87.80939576666728,1
36,58903.35083421293,0.3509800983208926,Male,High School,68.34577701870539,1
26,5894.170480035798,7.7254638156581255,Female,Master,82.21903485438142,0
45,59838.51164794641,2.526739844668758,Male,Bachelor,62.30001402606124,1
27,52921.04292078162,15.949103996923231,Female,PhD,81.68840130546218,1
29,,11.645450888698887,Male,Bachelor,81.71944607814497,0
12,44172.22320366671,8.423015165085921,Female,Master,78.84202072005897,0
29,66861.6907997902,13.054826710618674,Female,Master,65.05571478200207,1
5,64212.89693184287,4.614736090137057,Female,Bachelor,77.49548189598077,1
15,38406.834982645865,10.173917514680372,Male,PhD,63.16943815265611,0
44,56105.78430686802,8.799241734874855,Male,Master,72.47236744903815,1
44,35425.14898188071,9.05608032533468,Male,High School,85.29413100955325,0
40,,13.089414000427071,Female,Master,82.96701927070742,0
23,40599.24163115052,10.929968411119209,Female,PhD,75.15182942540433,0
34,62935.902085741385,9.154894651300093,Male,Master,65.25193424077158,1
34,64296.8756806413,1.3804502550868154,Female,Bachelor,81.45587712174193,1
21,57696.28130145939,4.159814818882145,Female,Master,75.19381237698025,1
53,60876.43680271995,7.509164265617104,Female,Master,51.79684401769577,1
45,57742.67430672437,8.373489497106604,Male,PhD,82.82629826316519,1
32,40377.77607165572,3.4791851013043047,Female,Bachelor,74.75767166130308,0
35,56478.83817010911,17.646706702313686,Male,PhD,87.02451247983072,1
37,62006.14287841524,14.065576221014291,Male,Master,64.04729481157196,1
10,61314.36994720361,10.408473281569934,Male,High School,43.23296186803999,1
32,67833.70057211965,8.288147445134978,Male,Master,77.79083858345186,1
26,60624.55770801596,7.151164120395393,Male,PhD,77.91563676681973,1
22,55271.72311312374,4.192326159911058,Female,High School,58.093283723935485,1
31,66052.25357474641,8.30992207407545,Male,PhD,65.21500454133394,1
56,49602.1811112641,9.031010160571002,Male,PhD,100.0,0
42,36771.88023158423,3.0329576980735027,Male,Bachelor,71.94389385846196,0
28,47553.99554084354,9.33670566897959,Female,High School,82.30958976376216,0
41,38826.46032790326,7.378963804701005,Female,Master,68.49340172631616,0
